<?xml version="1.0" encoding="UTF-8"?>
<project-private xmlns="http://www.netbeans.org/ns/project-private/1">
    <editor-bookmarks xmlns="http://www.netbeans.org/ns/editor-bookmarks/2" lastBookmarkId="0"/>
    <open-files xmlns="http://www.netbeans.org/ns/projectui-open-files/2">
        <group>
            <file>file:/C:/Users/Pepourg/Documents/NetBeansProjects/Login_Register_Design/src/login_register/RegistroAdministrador.java</file>
            <file>file:/C:/Users/Pepourg/Documents/NetBeansProjects/Login_Register_Design/src/login_register/Menu_Form.java</file>
            <file>file:/C:/Users/Pepourg/Documents/NetBeansProjects/Login_Register_Design/src/login_register/Login_Form.java</file>
            <file>file:/C:/Users/Pepourg/Documents/NetBeansProjects/Login_Register_Design/src/login_register/ConexionMySql.java</file>
            <file>file:/C:/Users/Pepourg/Documents/NetBeansProjects/Login_Register_Design/src/prestamos/DevolucionLibro.java</file>
            <file>file:/C:/Users/Pepourg/Documents/NetBeansProjects/Login_Register_Design/src/prestamos/GestionPrestamo.java</file>
            <file>file:/C:/Users/Pepourg/Documents/NetBeansProjects/Login_Register_Design/src/libros/GestionLibro.java</file>
            <file>file:/C:/Users/Pepourg/Documents/NetBeansProjects/Login_Register_Design/src/login_register/RegistroUsuario.java</file>
            <file>file:/C:/Users/Pepourg/Documents/NetBeansProjects/Login_Register_Design/src/libros/RegistroLibro.java</file>
        </group>
    </open-files>
</project-private>
